shortid	title	pmid
lrlwou3dt7	Predicting Ascospore Release of Monilinia vaccinii-corymbosi of Blueberry with Machine Learning.	28696170
0kf7cnsa5t	Machine learning to predict the source of campylobacteriosis using whole genome data	34662334
tgx5ifo7mb	Targeted Metabolic Profiling of Urine Highlights a Potential Biomarker Panel for the Diagnosis of Alzheimer's Disease and Mild Cognitive Impairment: A Pilot Study.	32878308
hwprilha6h	Machine learning models for early sepsis recognition in the neonatal intensive care unit using readily available electronic health record data.	30794638
toe45v1h7a	P2Rank: machine learning based tool for rapid and accurate prediction of ligand binding sites from protein structure	30109435
h1b95pkq6c	Machine learning model for identifying important clinical features for predicting remission in patients with rheumatoid arthritis treated with biologics.	34229736
v536tc3b5t	Semi-automatic conversion of BioProp semantic annotation to PASBio annotation.	19091017
vecnt31t10	Predicting bacterial growth conditions from mRNA and protein abundances.	30388153
zl2x79pdqc	PineSAP--sequence alignment and SNP identification pipeline.	19667082
f4zymru581	Classification of pallidal oscillations with increasing parkinsonian severity.	25878156
8mjjeoyqtq	SPOT-Disorder2: Improved Protein Intrinsic Disorder Prediction by Ensembled Deep Learning	
6i0xepuivt	Machine learning approaches to supporting the identification of photoreceptor-enriched genes based on expression data.	16524483
bd02oq0dn5	The Budapest Amyloid Predictor and Its Applications.	33810341
qxfdrs4tuj	LogLoss-BERAF: An ensemble-based machine learning model for constructing highly accurate diagnostic sets of methylation sites accounting for heterogeneity in prostate cancer.	30388122
xpjtohmv78	lncAPNet enables the deciphering of lncRNA–mRNA connections in patient transcriptomic data	
g23kv6pr5v	Using neuronal extracellular vesicles and machine learning to predict cognitive deficits in HIV.	32681213
nl91j0uju5	Machine learning identifies unaffected first-degree relatives with functional network patterns and cognitive impairment similar to those of schizophrenia patients.	31148311
wd9oesbckf	High-Content Analysis of Breast Cancer Using Single-Cell Deep Transfer Learning.	26746583
2d714axh0n	Identification of novel DNA repair proteins via primary sequence, secondary structure, and homology.	19154573
hilwjyqhpx	Nasopharyngeal metabolomics and machine learning approach for the diagnosis of influenza.	34419924
4njliz31og	DisPredict3.0: Prediction of intrinsically disordered regions proteins using protein language model	
ali2ohlvnk	Gene function prediction using labeled and unlabeled data.	18221567
0jrk3ke80f	Performance of case-control rare copy number variation annotation in classification of autism.	25783485
cji1mirt7b	Unveiling Patterns in Spatial Transcriptomics Data: A Novel Approach Utilizing Graph Attention Autoencoder and Multi-Scale Deep Subspace Clustering Network	39804726
nlj5x3dld8	Predicting protein function by machine learning on amino acid sequences--a critical evaluation.	17374164
v1vwcbzzui	Artificial Intelligence Understands Peptide Observability and Assists With Absolute Protein Quantification.	30483279
aqtrrhz75x	Imputation method for single-cell RNA-seq data using neural topic model	38000911
9hqbg4dzys	The gradient boosting algorithm and random boosting for genome-assisted evaluation in large data sets.	23102953
5867a1dxop	Modeling peptide fragmentation with dynamic Bayesian networks for peptide identification.	18586734
